description,category
HP Petrol Pump petrol 260,Transport
UPI/1265/JioCinema,Entertainment
Debited Rs 827 at Bata,Shopping
UPI-Shell-3073,Transport
Electricity Board prepaid,Bills
HP Petrol Pump online payment,Transport
Gas Cylinder payment Rs 2262,Bills
gas 362,Bills
Debited Rs 1892 rent,Bills
Txn at Meesho Rs 732,Shopping
UPI-checkup-6870,Health
POS 2502 Vi water,Bills
Uber taxi 2467,Transport
Paid for lunch Rs 1498,Food
Paid for tablets Rs 729,Health
POS 2791 Netflix,Entertainment
Decathlon order 625,Shopping
Gaana order 1739,Entertainment
Debited Rs 623 hospital,Health
Paid for show Rs 2354,Entertainment
Debited Rs 1016 shirt,Shopping
Airtel order 117,Bills
Debited Rs 2238 ott,Entertainment
POS 9693 Adani Electricity electricity,Bills
water 1760,Bills
Tata Power order 1355,Bills
UPI/1924/Steam,Entertainment
bakery payment 1782,Food
POS 8802 Airtel electricity,Bills
Delhi Metro payment Rs 2224,Transport
UPI/2983/Ola,Transport
BookMyShow online payment,Entertainment
Ola toll 1933,Transport
POS 5499 Haldirams lunch,Food
Uber bus,Transport
POS 4920 Croma,Shopping
Paid for premium Rs 497,Entertainment
Netflix concert 2198,Entertainment
UPI/5914/JioCinema,Entertainment
auto payment 2475,Transport
IRCTC order 1153,Transport
Pizza Hut order 230,Food
BSNL Broadband payment Rs 1381,Bills
Gaana online payment,Entertainment
Paid to Lal PathLabs,Health
Practo diagnostics,Health
Debited Rs 2120 hospital,Health
Debited Rs 2082 furniture,Shopping
Paid for snacks Rs 1810,Food
FASTag petrol,Transport
recharge 2286,Bills
UPI-snacks-9821,Food
POS 3777 BookMyShow show,Entertainment
KFC tiffin,Food
UPI/3144/KFC,Food
Fortis Hospital clinic,Health
PVR order 2371,Entertainment
POS 8172 FASTag bus,Transport
POS 2624 ACT Fibernet water,Bills
Fortis Hospital payment Rs 2474,Health
UPI-Burger King-9005,Food
Paid for shoes Rs 1239,Shopping
Txn at YouTube Premium Rs 1989,Entertainment
Swiggy payment Rs 213,Food
Paid to Practo,Health
music 1336,Entertainment
MakeMyTrip taxi 1938,Transport
Pizza Hut bakery,Food
FASTag order 1770,Transport
POS 8635 PharmEasy,Health
UPI-bill-6780,Bills
UPI-restaurant-2535,Food
Paid for toll Rs 1133,Transport
Debited Rs 1066 at Cafe Coffee Day,Food
music payment 1467,Entertainment
POS 4813 Netmeds tablets,Health
UPI-Netflix-7739,Entertainment
PharmEasy tablets 1746,Health
Debited Rs 2237 at Ixigo,Transport
Gas Cylinder gas,Bills
bus payment 197,Transport
Vi payment Rs 764,Bills
Apollo Pharmacy payment Rs 1258,Health
broadband payment 425,Bills
Debited Rs 1327 at RedBus,Transport
Practo payment Rs 394,Health
tiffin payment 2421,Food
bill payment 1318,Bills
Paid for dinner Rs 2222,Food
Txn at Pizza Hut Rs 1133,Food
Paid for medicine Rs 739,Health
Nykaa 1330,Shopping
Behrouz sandwich 436,Food
Debited Rs 1736 doctor,Health
POS 3546 Zomato,Food
Inox order 2364,Entertainment
Dr Morepen order 2106,Health
Paid for bill Rs 1901,Bills
UPI/3950/FASTag,Transport
Bharat Petroleum online payment,Transport
POS 7439 BookMyShow,Entertainment
Paid to MakeMyTrip,Transport
Thyrocare 1388,Health
Txn at LIC Rs 2210,Bills
POS 4492 Zomato,Food
Westside payment Rs 2177,Shopping
UPI-pizza-8579,Food
UPI/5471/HP Petrol Pump,Transport
UPI-train-5377,Transport
tiffin 2460,Food
UPI-electricity-6120,Bills
DMart 2202,Shopping
UPI-pizza-3547,Food
Burger King cafe 1747,Food
BookMyShow order 1774,Entertainment
Txn at Airtel Rs 1624,Bills
store payment 1066,Shopping
UPI/3999/PVR,Entertainment
broadband payment 728,Bills
UPI/9041/Shell,Transport
Paid to Steam,Entertainment
Nykaa bag 388,Shopping
Txn at Metro Card Rs 646,Transport
POS 5366 Practo,Health
Paid for jewellery Rs 678,Shopping
cafe 781,Food
Txn at Practo Rs 822,Health
SonyLIV streaming,Entertainment
Max Hospital order 1346,Health
Swiggy order 2155,Food
Haldirams pizza 1185,Food
UPI-Cult Fit-8859,Health
Txn at McDonalds Rs 299,Food
furniture 2033,Shopping
POS 5379 PVR concert,Entertainment
Chai Point order 2217,Food
Txn at Delhi Metro Rs 947,Transport
Meesho bag,Shopping
recharge 1813,Bills
Cafe Coffee Day order 1162,Food
McDonalds lunch 1482,Food
Faasos restaurant,Food
Paid to RedBus,Transport
Paid to Cult Fit,Health
UPI/4203/JioCinema,Entertainment
Jio payment Rs 1456,Bills
Paid for music Rs 516,Entertainment
Ola auto 2392,Transport
UPI-broadband-7797,Bills
Zomato online payment,Food
POS 1710 Electricity Board bill,Bills
prepaid 675,Bills
Txn at Westside Rs 1861,Shopping
UPI-water-1842,Bills
Paid to Burger King,Food
Txn at Bharat Petroleum Rs 352,Transport
shoes 1958,Shopping
Txn at Faasos Rs 676,Food
UPI-Bharat Petroleum-8569,Transport
bill 1420,Bills
watch payment 295,Shopping
Debited Rs 268 recharge,Bills
Txn at Nykaa Rs 416,Shopping
Water Bill order 1175,Bills
Gaana premium 2322,Entertainment
Mahanagar Gas order 2129,Bills
Debited Rs 866 at Decathlon,Shopping
Paid for tickets Rs 1268,Entertainment
POS 3042 Hathway,Bills
Debited Rs 364 furniture,Shopping
Txn at Medlife Rs 423,Health
show payment 1475,Entertainment
Bharat Petroleum order 1722,Transport
UPI-prepaid-4893,Bills
Paid to PharmEasy,Health
Debited Rs 1300 parking,Transport
Debited Rs 1532 at LIC,Bills
Paid to 1mg,Health
Paid to Spotify,Entertainment
Bata online payment,Shopping
POS 2816 Tata Power,Bills
clothes payment 209,Shopping
UPI/8611/Dominos,Food
Debited Rs 1770 restaurant,Food
POS 6759 Dr Morepen,Health
Debited Rs 816 at Lal PathLabs,Health
Txn at YouTube Premium Rs 1771,Entertainment
POS 9308 Cafe Coffee Day,Food
cafe 446,Food
lunch payment 231,Food
UPI-Gaana-8381,Entertainment
Meesho payment Rs 1371,Shopping
PVR subscription 1198,Entertainment
Txn at Inox Rs 2184,Entertainment
DMart payment Rs 1337,Shopping
Txn at Fortis Hospital Rs 1784,Health
Debited Rs 1427 bus,Transport
POS 9317 Behrouz dinner,Food
Cafe Coffee Day payment Rs 1045,Food
UPI/4510/KFC,Food
UPI-Starbucks-5291,Food
UPI-parking-8699,Transport
Debited Rs 1036 at Ola,Transport
Netmeds online payment,Health
Dominos online payment,Food
Cafe Coffee Day 983,Food
UPI-Dr Morepen-1225,Health
Inox ott 1844,Entertainment
HP Petrol Pump order 1415,Transport
movie 71,Entertainment
Debited Rs 1494 watch,Shopping
Lal PathLabs order 1525,Health
LIC 654,Bills
UPI-fashion-7723,Shopping
Debited Rs 2064 taxi,Transport
DMart order 1531,Shopping
gadgets 768,Shopping
Txn at Faasos Rs 146,Food
UPI/8834/Ajio,Shopping
UPI-jewellery-3956,Shopping
Spotify payment Rs 1888,Entertainment
SonyLIV order 815,Entertainment
Faasos sandwich,Food
POS 7916 Dominos,Food
Cafe Coffee Day lunch,Food
UPI/5653/Nykaa,Shopping
UPI/5193/Airtel,Bills
BSNL Broadband order 2039,Bills
diagnostics 1161,Health
dth 977,Bills
diagnostics payment 2076,Health
Indian Oil payment Rs 1156,Transport
UPI/3365/Hotstar,Entertainment
UPI/3623/Steam,Entertainment
UPI/2403/Burger King,Food
UPI-Lal PathLabs-4196,Health
Hathway postpaid,Bills
Debited Rs 372 cafe,Food
Barbeque Nation payment Rs 242,Food
Txn at Prime Video Rs 1080,Entertainment
Paid for taxi Rs 1258,Transport
Ajio furniture,Shopping
diagnostics payment 1499,Health
Debited Rs 127 recharge,Bills
Chai Point 334,Food
Electricity Board online payment,Bills
Debited Rs 1774 at BSNL Broadband,Bills
Steam payment Rs 2492,Entertainment
UPI-Apollo Pharmacy-2975,Health
cab payment 2235,Transport
auto 2392,Transport
Debited Rs 1408 clinic,Health
LIC order 1890,Bills
POS 4524 Reliance Trends fashion,Shopping
UPI-sandwich-5844,Food
UPI-JioCinema-4371,Entertainment
Water Bill bill 2362,Bills
Txn at Tata Power Rs 921,Bills
watch payment 1732,Shopping
Rapido fuel,Transport
UPI-diagnostics-9128,Health
UPI-Steam-3937,Entertainment
POS 2647 MakeMyTrip fuel,Transport
Cafe Coffee Day order 197,Food
POS 3392 Hathway,Bills
Txn at Burger King Rs 2321,Food
1mg online payment,Health
HP Petrol Pump payment Rs 1169,Transport
ACT Fibernet water 184,Bills
tiffin 523,Food
Dr Morepen order 1246,Health
sandwich payment 2286,Food
Ixigo online payment,Transport
YouTube Premium ott,Entertainment
Paid for gas Rs 1519,Bills
POS 5012 Swiggy,Food
Netmeds tablets 1367,Health
Debited Rs 401 at Gaana,Entertainment
Paid to Hotstar,Entertainment
Debited Rs 2239 lab,Health
Mahanagar Gas prepaid 953,Bills
restaurant payment 1273,Food
Ola bus,Transport
Debited Rs 1519 at PharmEasy,Health
Debited Rs 1022 water,Bills
Jio order 253,Bills
Inox 917,Entertainment
IRCTC order 2324,Transport
Txn at Croma Rs 2108,Shopping
Txn at Pantaloons Rs 2052,Shopping
pharmacy payment 2077,Health
SonyLIV tickets,Entertainment
UPI/1430/LIC,Bills
Amazon order 311,Shopping
UPI-restaurant-2612,Food
Airtel electricity 431,Bills
Delhi Metro train,Transport
UPI-Medlife-3328,Health
SonyLIV payment Rs 810,Entertainment
POS 8305 Chai Point snacks,Food
POS 1945 Decathlon watch,Shopping
POS 4764 Steam,Entertainment
Txn at Epic Games Rs 386,Entertainment
Dominos 1052,Food
Txn at Nykaa Rs 1169,Shopping
1mg payment Rs 722,Health
Paid to BSNL Broadband,Bills
cab 1400,Transport
Debited Rs 700 rent,Bills
Water Bill prepaid,Bills
bus 1305,Transport
toll 1776,Transport
Paid for tickets Rs 2475,Entertainment
hospital payment 1700,Health
POS 4920 Uber,Transport
POS 7220 Croma,Shopping
Debited Rs 188 at Steam,Entertainment
Fortis Hospital 2276,Health
prepaid payment 1512,Bills
Debited Rs 96 at 1mg,Health
Metro Card 1195,Transport
UPI-HP Petrol Pump-3979,Transport
UPI/5382/Reliance Trends,Shopping
Debited Rs 1008 prepaid,Bills
Chai Point bakery 1134,Food
Debited Rs 1848 at Delhi Metro,Transport
UPI-doctor-9872,Health
Adani Electricity order 1532,Bills
Debited Rs 985 at Medplus,Health
Txn at Zomato Rs 1606,Food
Paid for prepaid Rs 1724,Bills
Barbeque Nation online payment,Food
Prime Video subscription,Entertainment
Bharat Petroleum order 2465,Transport
gaming 2185,Entertainment
furniture 1659,Shopping
POS 3159 Adani Electricity,Bills
Debited Rs 1560 recharge,Bills
Paid to Flipkart,Shopping
POS 7878 Electricity Board water,Bills
Txn at IRCTC Rs 1288,Transport
Uber petrol,Transport
subscription 1744,Entertainment
UPI-electricity-9576,Bills
Gas Cylinder order 1834,Bills
Chai Point order 2272,Food
Ajio shoes 353,Shopping
POS 7594 HP Petrol Pump,Transport
Txn at Nykaa Rs 1393,Shopping
restaurant 2109,Food
Debited Rs 107 gadgets,Shopping
toll 872,Transport
Txn at Electricity Board Rs 1235,Bills
Paid to McDonalds,Food
watch payment 536,Shopping
Paid for bill Rs 1941,Bills
rent payment 1908,Bills
POS 7229 Zara store,Shopping
Debited Rs 880 doctor,Health
Debited Rs 830 taxi,Transport
Debited Rs 813 at Amazon,Shopping
Paid for clinic Rs 1673,Health
Practo hospital,Health
McDonalds payment Rs 762,Food
UPI-bus-5722,Transport
Tata Power 2103,Bills
hospital payment 1841,Health
UPI-Steam-9777,Entertainment
UPI/2412/Apollo Pharmacy,Health
Debited Rs 2108 shirt,Shopping
Paid for shirt Rs 222,Shopping
Debited Rs 703 pizza,Food
PharmEasy 1876,Health
POS 6804 Pizza Hut,Food
Txn at Reliance Trends Rs 1660,Shopping
premium payment 1622,Entertainment
RedBus payment Rs 294,Transport
snacks payment 1378,Food
McDonalds 624,Food
hospital 1507,Health
checkup payment 675,Health
UPI/1434/Barbeque Nation,Food
Txn at Croma Rs 1121,Shopping
Txn at Croma Rs 2137,Shopping
POS 9626 LIC rent,Bills
POS 1901 Lal PathLabs,Health
POS 2180 Mahanagar Gas gas,Bills
UPI/6530/Prime Video,Entertainment
Txn at Airtel Rs 1380,Bills
Debited Rs 2327 at Apollo Pharmacy,Health
Txn at Shell Rs 1968,Transport
Behrouz online payment,Food
tickets 1280,Entertainment
Paid to ACT Fibernet,Bills
Haldirams order 257,Food
Ajio online payment,Shopping
petrol payment 1007,Transport
biryani payment 2169,Food
Ola ride 1972,Transport
Paid for dth Rs 1017,Bills
Thyrocare payment Rs 686,Health
Croma payment Rs 1316,Shopping
Txn at Bata Rs 1530,Shopping
Paid to Indian Oil,Transport
Max Hospital online payment,Health
UPI/5508/YouTube Premium,Entertainment
POS 4948 Steam,Entertainment
Debited Rs 1411 bus,Transport
POS 2871 1mg tablets,Health
medicine 2395,Health
Ajio 971,Shopping
jewellery payment 1393,Shopping
watch payment 1400,Shopping
PharmEasy order 930,Health
Gaana order 532,Entertainment
POS 1201 Apollo Pharmacy pharmacy,Health
Paid for dinner Rs 2275,Food
Txn at Prime Video Rs 468,Entertainment
Paid to IRCTC,Transport
Nykaa fashion 1118,Shopping
UPI/7232/Delhi Metro,Transport
ACT Fibernet order 1320,Bills
Txn at Shell Rs 658,Transport
POS 6224 PVR music,Entertainment
DMart jewellery 1122,Shopping
Debited Rs 751 at Croma,Shopping
Practo order 159,Health
Inox online payment,Entertainment
Shell 2464,Transport
Lal PathLabs order 909,Health
Medlife payment Rs 1658,Health
Rapido order 2332,Transport
Croma order 2293,Shopping
POS 9907 JioCinema show,Entertainment
UPI/2746/Dominos,Food
Bata clothes 2174,Shopping
Medlife 701,Health
tickets 1386,Entertainment
Debited Rs 508 sandwich,Food
tiffin payment 2408,Food
Nykaa shirt,Shopping
Debited Rs 541 dental,Health
Uber toll 1706,Transport
dinner payment 58,Food
POS 4033 Shell,Transport
Paid for jewellery Rs 2385,Shopping
Paid for medicine Rs 1043,Health
Txn at Uber Rs 279,Transport
Cult Fit checkup 299,Health
POS 4978 BookMyShow show,Entertainment
Paid for ott Rs 1588,Entertainment
UPI-Spotify-2524,Entertainment
Paid for biryani Rs 227,Food
PharmEasy online payment,Health
UPI-snacks-4295,Food
Txn at Westside Rs 1555,Shopping
Metro Card online payment,Transport
Airtel order 319,Bills
Mahanagar Gas order 1064,Bills
doctor payment 2482,Health
Epic Games payment Rs 1466,Entertainment
Debited Rs 1359 watch,Shopping
Debited Rs 1013 at Zomato,Food
snacks 616,Food
Steam order 1149,Entertainment
Debited Rs 850 tablets,Health
JioCinema 1043,Entertainment
UPI-gas-3131,Bills
tablets 1520,Health
Paid to Tata Power,Bills
UPI-Nykaa-2795,Shopping
IRCTC online payment,Transport
Paid to Zara,Shopping
Prime Video 1725,Entertainment
Txn at Amazon Rs 2376,Shopping
Apollo Pharmacy clinic 431,Health
Adani Electricity payment Rs 493,Bills
Netmeds tablets 431,Health
Paid for shirt Rs 634,Shopping
Dr Morepen payment Rs 1872,Health
Debited Rs 312 lunch,Food
Paid to Delhi Metro,Transport
shirt payment 2233,Shopping
UPI/8871/Westside,Shopping
Tata Power order 1213,Bills
Shell toll 673,Transport
POS 8159 Pantaloons,Shopping
YouTube Premium 1209,Entertainment
UPI-Ola-4630,Transport
Paid for fashion Rs 534,Shopping
POS 6488 Thyrocare,Health
SonyLIV subscription,Entertainment
UPI-Reliance Trends-7861,Shopping
POS 9261 Reliance Trends shirt,Shopping
Lal PathLabs payment Rs 1619,Health
UPI/7046/RedBus,Transport
show 1853,Entertainment
Debited Rs 1924 at LIC,Bills
Debited Rs 1671 gadgets,Shopping
Paid to Adani Electricity,Bills
Txn at FASTag Rs 431,Transport
Indian Oil online payment,Transport
Debited Rs 2301 at Thyrocare,Health
Txn at McDonalds Rs 1954,Food
FASTag online payment,Transport
Paid to Gas Cylinder,Bills
UPI/1829/Myntra,Shopping
Gaana order 1474,Entertainment
toll payment 1353,Transport
Debited Rs 1988 lunch,Food
POS 4292 Ajio shoes,Shopping
UPI-postpaid-3267,Bills
recharge payment 887,Bills
Debited Rs 775 at ACT Fibernet,Bills
Paid for clothes Rs 2077,Shopping
UPI-bus-3977,Transport
Debited Rs 1143 ride,Transport
Ola payment Rs 1436,Transport
UPI/3868/DMart,Shopping
Paid for postpaid Rs 114,Bills
Txn at Pantaloons Rs 1137,Shopping
POS 8812 Apollo Pharmacy,Health
Bharat Petroleum cab 1954,Transport
UPI-gadgets-6992,Shopping
Debited Rs 2061 at YouTube Premium,Entertainment
PVR online payment,Entertainment
MakeMyTrip 447,Transport
Cult Fit payment Rs 1546,Health
UPI/7150/Inox,Entertainment
Apollo Pharmacy 2125,Health
Steam premium,Entertainment
UPI-clothes-9159,Shopping
pharmacy payment 1115,Health
UPI-Hotstar-8471,Entertainment
Paid for gas Rs 1191,Bills
POS 8444 Nykaa,Shopping
premium payment 1313,Entertainment
McDonalds payment Rs 926,Food
POS 1609 Rapido,Transport
POS 7046 Medlife medicine,Health
Croma furniture,Shopping
Airtel electricity 2251,Bills
UPI/5592/Inox,Entertainment
bill 2496,Bills
Debited Rs 622 store,Shopping
Paid for clinic Rs 595,Health
UPI-clothes-2229,Shopping
UPI/8430/Gas Cylinder,Bills
Debited Rs 992 at Vi,Bills
UPI-store-2208,Shopping
store 166,Shopping
POS 5210 RedBus taxi,Transport
POS 4902 Practo,Health
Debited Rs 233 movie,Entertainment
Txn at Prime Video Rs 2228,Entertainment
broadband 2010,Bills
Paid for streaming Rs 2050,Entertainment
Medplus order 1767,Health
dental payment 1322,Health
clinic 1184,Health
Netmeds checkup,Health
JioCinema payment Rs 352,Entertainment
Starbucks online payment,Food
Electricity Board bill,Bills
cab payment 671,Transport
UPI-Hotstar-3362,Entertainment
Barbeque Nation dinner 2211,Food
movie payment 2392,Entertainment
Indian Oil 970,Transport
Txn at Apollo Pharmacy Rs 1477,Health
Max Hospital dental,Health
checkup 82,Health
Txn at Chai Point Rs 1294,Food
POS 4621 Steam tickets,Entertainment
Debited Rs 257 postpaid,Bills
Prime Video 1642,Entertainment
Westside 422,Shopping
BookMyShow premium,Entertainment
Dr Morepen payment Rs 248,Health
UPI-cab-8269,Transport
Paid for bag Rs 1357,Shopping
Debited Rs 2092 at Reliance Trends,Shopping
UPI-dental-9006,Health
ride payment 2084,Transport
Cafe Coffee Day 952,Food
Medlife order 1333,Health
POS 1110 BookMyShow,Entertainment
Debited Rs 2161 at Pizza Hut,Food
Debited Rs 169 at BookMyShow,Entertainment
Flipkart payment Rs 1438,Shopping
Hotstar payment Rs 1605,Entertainment
biryani payment 1068,Food
POS 4923 Starbucks,Food
cab 458,Transport
Paid to Metro Card,Transport
UPI-bakery-1053,Food
clinic payment 1356,Health
Uber parking 956,Transport
Inox 1569,Entertainment
POS 3981 Nykaa shirt,Shopping
electricity payment 1320,Bills
UPI/2800/Amazon,Shopping
furniture 585,Shopping
Paid to Medplus,Health
POS 6246 Epic Games,Entertainment
Delhi Metro bus,Transport
POS 4346 Starbucks pizza,Food
JioCinema payment Rs 143,Entertainment
UPI-MakeMyTrip-4908,Transport
1mg payment Rs 960,Health
Prime Video order 2367,Entertainment
Debited Rs 1927 cafe,Food
Paid for pizza Rs 750,Food
Paid to Uber,Transport
UPI/1964/Swiggy,Food
Epic Games 2013,Entertainment
UPI-clothes-3034,Shopping
UPI/8560/Ixigo,Transport
Paid for fuel Rs 139,Transport
Debited Rs 925 at Chai Point,Food
POS 7878 Jio,Bills
gas 1851,Bills
Txn at Water Bill Rs 2011,Bills
POS 8429 Reliance Trends clothes,Shopping
Reliance Trends bag,Shopping
Paid to Thyrocare,Health
UPI-Vi-6062,Bills
POS 3361 HP Petrol Pump ride,Transport
UPI/7818/Ola,Transport
BookMyShow gaming 1084,Entertainment
Meesho bag 490,Shopping
Spotify order 1878,Entertainment
McDonalds cafe,Food
Paid for ott Rs 1260,Entertainment
Debited Rs 1952 at Reliance Trends,Shopping
Cafe Coffee Day payment Rs 406,Food
Debited Rs 969 at Apollo Pharmacy,Health
concert payment 483,Entertainment
Debited Rs 151 at Behrouz,Food
IRCTC order 420,Transport
Behrouz order 575,Food
Gaana payment Rs 668,Entertainment
furniture 1228,Shopping
Debited Rs 1753 store,Shopping
Westside online payment,Shopping
Paid for cafe Rs 1335,Food
POS 3352 ACT Fibernet postpaid,Bills
Paid for ott Rs 667,Entertainment
Tata Power order 2433,Bills
broadband 331,Bills
Haldirams online payment,Food
Vi payment Rs 464,Bills
Thyrocare payment Rs 293,Health
Txn at Zara Rs 1053,Shopping
gas 1378,Bills
Debited Rs 60 at FASTag,Transport
UPI/1959/Apollo Pharmacy,Health
Debited Rs 2168 at Lal PathLabs,Health
show 661,Entertainment
POS 1829 Apollo Pharmacy,Health
JioCinema ott 739,Entertainment
broadband 1185,Bills
UPI-movie-3321,Entertainment
UPI-Spotify-4637,Entertainment
UPI-bus-8736,Transport
UPI-subscription-4943,Entertainment
Paid to SonyLIV,Entertainment
POS 9320 Dominos restaurant,Food
PVR payment Rs 181,Entertainment
UPI/3725/Gaana,Entertainment
electricity payment 1866,Bills
UPI-sandwich-6930,Food
UPI-Tata Power-3953,Bills
Debited Rs 526 at Nykaa,Shopping
Delhi Metro payment Rs 398,Transport
Debited Rs 2148 prepaid,Bills
POS 2143 Shell taxi,Transport
Amazon order 913,Shopping
Reliance Trends store,Shopping
tickets payment 348,Entertainment
Jio water,Bills
Hathway online payment,Bills
Thyrocare doctor,Health
Delhi Metro online payment,Transport
UPI-Netmeds-7164,Health
lunch 970,Food
UPI/1430/Pantaloons,Shopping
Swiggy online payment,Food
POS 9792 Ajio store,Shopping
gas payment 1631,Bills
Debited Rs 1787 parking,Transport
Amazon shoes,Shopping
UPI-Indian Oil-1444,Transport
Debited Rs 1802 at Lal PathLabs,Health
McDonalds payment Rs 1126,Food
Txn at Burger King Rs 883,Food
Debited Rs 1862 snacks,Food
Paid for broadband Rs 2369,Bills
POS 1084 Zara,Shopping
Cafe Coffee Day 1686,Food
